date,basket_price,apix,dod_pct,cpi_benchmark
2026-09-05,7251.88,100.0,0.0,102.0
2026-09-06,7154.05,98.65,-1.35,102.0
2026-09-07,7306.18,100.75,2.13,102.0
2026-09-08,6884.75,94.94,-5.77,102.0
2026-09-09,6864.87,94.66,-0.29,102.0
2026-09-10,6773.22,93.4,-1.34,102.0
2026-09-11,7584.38,104.59,11.98,102.0
2026-09-12,7529.82,103.83,-0.72,102.0
2026-09-13,7126.11,98.27,-5.36,102.0
2026-09-14,7338.88,101.2,2.99,102.0
2026-09-15,6984.41,96.31,-4.83,102.0
2026-09-16,6815.58,93.98,-2.42,102.0
2026-09-17,7014.49,96.73,2.92,102.0
2026-09-18,7704.64,106.24,9.84,102.0
2026-09-19,7169.63,98.87,-6.94,102.0
2026-09-20,7363.81,101.54,2.71,102.0
2026-09-21,7176.72,98.96,-2.54,102.0
2026-09-22,6872.28,94.77,-4.24,102.0
2026-09-23,7032.76,96.98,2.34,102.0
2026-09-24,7082.47,97.66,0.71,102.0
2026-09-25,7607.58,104.91,7.41,102.0
2026-09-26,7530.32,103.84,-1.02,102.0
2026-09-27,7932.22,109.38,5.34,102.0
2026-09-28,7272.24,100.28,-8.32,102.0
2026-09-29,7190.32,99.15,-1.13,102.0
2026-09-30,7103.86,97.96,-1.2,102.0
2026-10-01,7165.08,98.8,0.86,102.0
2026-10-02,8030.47,110.74,12.08,102.0
2026-10-03,7814.5,107.76,-2.69,102.0
2026-10-04,6989.29,96.38,-10.56,102.0
