timestamp,route,airline,flight_number,departure_date,lead_days,base_fare,taxes_fees,total_fare
2026-10-08T09:06:40+0530,DEL-BOM,IndiGo,6E 404,2026-10-09,1,9310,1640,10950
2026-10-08T09:06:40+0530,DEL-BOM,Air India,AI 579,2026-10-09,1,10680,1880,12560
2026-10-08T09:06:40+0530,DEL-BOM,Akasa Air,QP 960,2026-10-09,1,10150,1790,11940
2026-10-08T09:06:40+0530,DEL-BOM,SpiceJet,SG 216,2026-10-09,1,9230,1630,10860
2026-10-08T09:06:40+0530,DEL-BOM,Air India Express,IX 468,2026-10-09,1,9240,1630,10870
2026-10-08T09:06:40+0530,DEL-BOM,IndiGo,6E 404,2026-10-15,7,5890,1040,6930
2026-10-08T09:06:40+0530,DEL-BOM,Air India,AI 579,2026-10-15,7,6660,1170,7830
2026-10-08T09:06:40+0530,DEL-BOM,Akasa Air,QP 960,2026-10-15,7,5970,1050,7020
2026-10-08T09:06:40+0530,DEL-BOM,SpiceJet,SG 216,2026-10-15,7,5990,1060,7050
2026-10-08T09:06:40+0530,DEL-BOM,Air India Express,IX 468,2026-10-15,7,5980,1050,7030
2026-10-08T09:06:40+0530,DEL-BOM,IndiGo,6E 404,2026-10-23,15,4990,880,5870
2026-10-08T09:06:40+0530,DEL-BOM,Air India,AI 579,2026-10-23,15,5900,1040,6940
2026-10-08T09:06:40+0530,DEL-BOM,Akasa Air,QP 960,2026-10-23,15,5130,910,6040
2026-10-08T09:06:40+0530,DEL-BOM,SpiceJet,SG 216,2026-10-23,15,5010,880,5890
2026-10-08T09:06:40+0530,DEL-BOM,Air India Express,IX 468,2026-10-23,15,5020,880,5900
2026-10-08T09:06:40+0530,DEL-BLR,IndiGo,6E 784,2026-10-09,1,10970,1940,12910
2026-10-08T09:06:40+0530,DEL-BLR,Air India,AI 368,2026-10-09,1,13310,2350,15660
2026-10-08T09:06:40+0530,DEL-BLR,Akasa Air,QP 426,2026-10-09,1,12170,2150,14320
2026-10-08T09:06:40+0530,DEL-BLR,SpiceJet,SG 165,2026-10-09,1,10390,1830,12220
2026-10-08T09:06:40+0530,DEL-BLR,Air India Express,IX 921,2026-10-09,1,10790,1900,12690
2026-10-08T09:06:40+0530,DEL-BLR,IndiGo,6E 784,2026-10-15,7,7540,1330,8870
2026-10-08T09:06:40+0530,DEL-BLR,Air India,AI 368,2026-10-15,7,8420,1480,9900
2026-10-08T09:06:40+0530,DEL-BLR,Akasa Air,QP 426,2026-10-15,7,7920,1400,9320
2026-10-08T09:06:40+0530,DEL-BLR,SpiceJet,SG 165,2026-10-15,7,7210,1270,8480
2026-10-08T09:06:40+0530,DEL-BLR,Air India Express,IX 921,2026-10-15,7,7850,1380,9230
2026-10-08T09:06:40+0530,DEL-BLR,IndiGo,6E 784,2026-10-23,15,6480,1140,7620
2026-10-08T09:06:40+0530,DEL-BLR,Air India,AI 368,2026-10-23,15,7240,1280,8520
2026-10-08T09:06:40+0530,DEL-BLR,Akasa Air,QP 426,2026-10-23,15,6980,1230,8210
2026-10-08T09:06:40+0530,DEL-BLR,SpiceJet,SG 165,2026-10-23,15,6320,1120,7440
2026-10-08T09:06:40+0530,DEL-BLR,Air India Express,IX 921,2026-10-23,15,6360,1120,7480
2026-10-08T09:06:40+0530,BOM-BLR,IndiGo,6E 976,2026-10-09,1,7960,1410,9370
2026-10-08T09:06:40+0530,BOM-BLR,Air India,AI 435,2026-10-09,1,9940,1750,11690
2026-10-08T09:06:40+0530,BOM-BLR,Akasa Air,QP 586,2026-10-09,1,8640,1520,10160
2026-10-08T09:06:40+0530,BOM-BLR,SpiceJet,SG 394,2026-10-09,1,7560,1340,8900
2026-10-08T09:06:40+0530,BOM-BLR,Air India Express,IX 575,2026-10-09,1,8250,1460,9710
2026-10-08T09:06:40+0530,BOM-BLR,IndiGo,6E 976,2026-10-15,7,5760,1020,6780
2026-10-08T09:06:40+0530,BOM-BLR,Air India,AI 435,2026-10-15,7,5910,1040,6950
2026-10-08T09:06:40+0530,BOM-BLR,Akasa Air,QP 586,2026-10-15,7,5810,1030,6840
2026-10-08T09:06:40+0530,BOM-BLR,SpiceJet,SG 394,2026-10-15,7,5440,960,6400
2026-10-08T09:06:40+0530,BOM-BLR,Air India Express,IX 575,2026-10-15,7,5510,970,6480
2026-10-08T09:06:40+0530,BOM-BLR,IndiGo,6E 976,2026-10-23,15,4590,810,5400
2026-10-08T09:06:40+0530,BOM-BLR,Air India,AI 435,2026-10-23,15,5210,920,6130
2026-10-08T09:06:40+0530,BOM-BLR,Akasa Air,QP 586,2026-10-23,15,4490,790,5280
2026-10-08T09:06:40+0530,BOM-BLR,SpiceJet,SG 394,2026-10-23,15,4490,790,5280
2026-10-08T09:06:40+0530,BOM-BLR,Air India Express,IX 575,2026-10-23,15,4600,810,5410
2026-10-08T09:06:40+0530,BLR-HYD,IndiGo,6E 810,2026-10-09,1,6650,1170,7820
2026-10-08T09:06:40+0530,BLR-HYD,Air India,AI 855,2026-10-09,1,7650,1350,9000
2026-10-08T09:06:40+0530,BLR-HYD,Akasa Air,QP 969,2026-10-09,1,7280,1280,8560
2026-10-08T09:06:40+0530,BLR-HYD,SpiceJet,SG 660,2026-10-09,1,6850,1210,8060
2026-10-08T09:06:40+0530,BLR-HYD,IndiGo,6E 810,2026-10-15,7,4090,720,4810
2026-10-08T09:06:40+0530,BLR-HYD,Air India,AI 855,2026-10-15,7,4940,870,5810
2026-10-08T09:06:40+0530,BLR-HYD,Akasa Air,QP 969,2026-10-15,7,4630,820,5450
2026-10-08T09:06:40+0530,BLR-HYD,SpiceJet,SG 660,2026-10-15,7,4050,720,4770
2026-10-08T09:06:40+0530,BLR-HYD,IndiGo,6E 810,2026-10-23,15,3660,650,4310
2026-10-08T09:06:40+0530,BLR-HYD,Air India,AI 855,2026-10-23,15,4340,760,5100
2026-10-08T09:06:40+0530,BLR-HYD,Akasa Air,QP 969,2026-10-23,15,3820,680,4500
2026-10-08T09:06:40+0530,BLR-HYD,SpiceJet,SG 660,2026-10-23,15,3660,640,4300
2026-10-08T09:06:40+0530,DEL-CCU,IndiGo,6E 717,2026-10-09,1,9890,1750,11640
2026-10-08T09:06:40+0530,DEL-CCU,Air India,AI 300,2026-10-09,1,11100,1960,13060
2026-10-08T09:06:40+0530,DEL-CCU,Akasa Air,QP 777,2026-10-09,1,10820,1910,12730
2026-10-08T09:06:40+0530,DEL-CCU,SpiceJet,SG 700,2026-10-09,1,9220,1630,10850
2026-10-08T09:06:40+0530,DEL-CCU,Air India Express,IX 415,2026-10-09,1,9210,1620,10830
2026-10-08T09:06:40+0530,DEL-CCU,IndiGo,6E 717,2026-10-15,7,6400,1130,7530
2026-10-08T09:06:40+0530,DEL-CCU,Air India,AI 300,2026-10-15,7,7280,1280,8560
2026-10-08T09:06:40+0530,DEL-CCU,Akasa Air,QP 777,2026-10-15,7,6240,1100,7340
2026-10-08T09:06:40+0530,DEL-CCU,SpiceJet,SG 700,2026-10-15,7,6260,1100,7360
2026-10-08T09:06:40+0530,DEL-CCU,Air India Express,IX 415,2026-10-15,7,5920,1050,6970
2026-10-08T09:06:40+0530,DEL-CCU,IndiGo,6E 717,2026-10-23,15,5070,890,5960
2026-10-08T09:06:40+0530,DEL-CCU,Air India,AI 300,2026-10-23,15,6310,1110,7420
2026-10-08T09:06:40+0530,DEL-CCU,Akasa Air,QP 777,2026-10-23,15,5820,1030,6850
2026-10-08T09:06:40+0530,DEL-CCU,SpiceJet,SG 700,2026-10-23,15,5230,920,6150
2026-10-08T09:06:40+0530,DEL-CCU,Air India Express,IX 415,2026-10-23,15,5520,970,6490
